code,fiscal_year,num_grants,state,num_universities,grants_per_university
AK,2020,66,Alaska,5,13.2
AK,2021,64,Alaska,5,12.8
AK,2022,56,Alaska,5,11.2
AK,2023,49,Alaska,5,9.8
AK,2024,42,Alaska,5,8.4
AK,2025,26,Alaska,5,5.2
AL,2020,147,Alabama,32,4.59375
AL,2021,132,Alabama,32,4.125
AL,2022,137,Alabama,32,4.28125
AL,2023,166,Alabama,32,5.1875
AL,2024,170,Alabama,32,5.3125
AL,2025,135,Alabama,32,4.21875
AR,2020,51,Arkansas,23,2.217391304347826
AR,2021,51,Arkansas,23,2.217391304347826
AR,2022,50,Arkansas,23,2.1739130434782608
AR,2023,56,Arkansas,23,2.4347826086956523
AR,2024,54,Arkansas,23,2.347826086956522
AR,2025,41,Arkansas,23,1.7826086956521738
AZ,2020,324,Arizona,20,16.2
AZ,2021,288,Arizona,20,14.4
AZ,2022,278,Arizona,20,13.9
AZ,2023,266,Arizona,20,13.3
AZ,2024,280,Arizona,20,14.0
AZ,2025,191,Arizona,20,9.55
CA,2020,1516,California,165,9.187878787878788
CA,2021,1537,California,165,9.315151515151515
CA,2022,1452,California,165,8.8
CA,2023,1340,California,165,8.121212121212121
CA,2024,1271,California,165,7.703030303030303
CA,2025,1013,California,165,6.13939393939394
CO,2020,372,Colorado,26,14.307692307692308
CO,2021,368,Colorado,26,14.153846153846153
CO,2022,331,Colorado,26,12.73076923076923
CO,2023,327,Colorado,26,12.576923076923077
CO,2024,293,Colorado,26,11.26923076923077
CO,2025,239,Colorado,26,9.192307692307692
CT,2020,191,Connecticut,28,6.821428571428571
CT,2021,159,Connecticut,28,5.678571428571429
CT,2022,157,Connecticut,28,5.607142857142857
CT,2023,134,Connecticut,28,4.785714285714286
CT,2024,138,Connecticut,28,4.928571428571429
CT,2025,126,Connecticut,28,4.5
DE,2020,80,Delaware,5,16.0
DE,2021,73,Delaware,5,14.6
DE,2022,60,Delaware,5,12.0
DE,2023,74,Delaware,5,14.8
DE,2024,70,Delaware,5,14.0
DE,2025,72,Delaware,5,14.4
FL,2020,472,Florida,76,6.2105263157894735
FL,2021,424,Florida,76,5.578947368421052
FL,2022,395,Florida,76,5.197368421052632
FL,2023,419,Florida,76,5.5131578947368425
FL,2024,403,Florida,76,5.302631578947368
FL,2025,313,Florida,76,4.118421052631579
GA,2020,377,Georgia,55,6.8545454545454545
GA,2021,276,Georgia,55,5.0181818181818185
GA,2022,294,Georgia,55,5.345454545454546
GA,2023,362,Georgia,55,6.581818181818182
GA,2024,314,Georgia,55,5.709090909090909
GA,2025,246,Georgia,55,4.472727272727273
HI,2020,72,Hawaii,8,9.0
HI,2021,72,Hawaii,8,9.0
HI,2022,63,Hawaii,8,7.875
HI,2023,69,Hawaii,8,8.625
HI,2024,64,Hawaii,8,8.0
HI,2025,54,Hawaii,8,6.75
IA,2020,127,Iowa,34,3.735294117647059
IA,2021,98,Iowa,34,2.8823529411764706
IA,2022,118,Iowa,34,3.4705882352941178
IA,2023,115,Iowa,34,3.3823529411764706
IA,2024,129,Iowa,34,3.7941176470588234
IA,2025,114,Iowa,34,3.3529411764705883
ID,2020,54,Idaho,8,6.75
ID,2021,47,Idaho,8,5.875
ID,2022,42,Idaho,8,5.25
ID,2023,52,Idaho,8,6.5
ID,2024,58,Idaho,8,7.25
ID,2025,53,Idaho,8,6.625
IL,2020,557,Illinois,74,7.527027027027027
IL,2021,470,Illinois,74,6.351351351351352
IL,2022,443,Illinois,74,5.986486486486487
IL,2023,470,Illinois,74,6.351351351351352
IL,2024,496,Illinois,74,6.702702702702703
IL,2025,370,Illinois,74,5.0
IN,2020,306,Indiana,53,5.773584905660377
IN,2021,316,Indiana,53,5.962264150943396
IN,2022,325,Indiana,53,6.132075471698113
IN,2023,293,Indiana,53,5.528301886792453
IN,2024,308,Indiana,53,5.811320754716981
IN,2025,252,Indiana,53,4.754716981132075
KS,2020,102,Kansas,29,3.5172413793103448
KS,2021,68,Kansas,29,2.3448275862068964
KS,2022,74,Kansas,29,2.5517241379310347
KS,2023,86,Kansas,29,2.9655172413793105
KS,2024,88,Kansas,29,3.0344827586206895
KS,2025,53,Kansas,29,1.8275862068965518
KY,2020,72,Kentucky,29,2.4827586206896552
KY,2021,70,Kentucky,29,2.413793103448276
KY,2022,75,Kentucky,29,2.586206896551724
KY,2023,58,Kentucky,29,2.0
KY,2024,82,Kentucky,29,2.8275862068965516
KY,2025,77,Kentucky,29,2.6551724137931036
LA,2020,112,Louisiana,27,4.148148148148148
LA,2021,121,Louisiana,27,4.481481481481482
LA,2022,121,Louisiana,27,4.481481481481482
LA,2023,83,Louisiana,27,3.074074074074074
LA,2024,142,Louisiana,27,5.2592592592592595
LA,2025,107,Louisiana,27,3.962962962962963
MA,2020,849,Massachusetts,74,11.472972972972974
MA,2021,784,Massachusetts,74,10.594594594594595
MA,2022,735,Massachusetts,74,9.932432432432432
MA,2023,732,Massachusetts,74,9.891891891891891
MA,2024,733,Massachusetts,74,9.905405405405405
MA,2025,533,Massachusetts,74,7.202702702702703
MD,2020,336,Maryland,33,10.181818181818182
MD,2021,285,Maryland,33,8.636363636363637
MD,2022,276,Maryland,33,8.363636363636363
MD,2023,300,Maryland,33,9.090909090909092
MD,2024,272,Maryland,33,8.242424242424242
MD,2025,222,Maryland,33,6.7272727272727275
ME,2020,46,Maine,17,2.7058823529411766
ME,2021,49,Maine,17,2.8823529411764706
ME,2022,49,Maine,17,2.8823529411764706
ME,2023,47,Maine,17,2.764705882352941
ME,2024,54,Maine,17,3.176470588235294
ME,2025,39,Maine,17,2.2941176470588234
MI,2020,433,Michigan,48,9.020833333333334
MI,2021,375,Michigan,48,7.8125
MI,2022,403,Michigan,48,8.395833333333334
MI,2023,462,Michigan,48,9.625
MI,2024,414,Michigan,48,8.625
MI,2025,303,Michigan,48,6.3125
MN,2020,201,Minnesota,41,4.902439024390244
MN,2021,136,Minnesota,41,3.317073170731707
MN,2022,157,Minnesota,41,3.8292682926829267
MN,2023,172,Minnesota,41,4.195121951219512
MN,2024,178,Minnesota,41,4.341463414634147
MN,2025,119,Minnesota,41,2.902439024390244
MO,2020,153,Missouri,56,2.732142857142857
MO,2021,143,Missouri,56,2.5535714285714284
MO,2022,162,Missouri,56,2.892857142857143
MO,2023,196,Missouri,56,3.5
MO,2024,147,Missouri,56,2.625
MO,2025,143,Missouri,56,2.5535714285714284
MS,2020,45,Mississippi,18,2.5
MS,2021,57,Mississippi,18,3.1666666666666665
MS,2022,61,Mississippi,18,3.388888888888889
MS,2023,69,Mississippi,18,3.8333333333333335
MS,2024,74,Mississippi,18,4.111111111111111
MS,2025,61,Mississippi,18,3.388888888888889
MT,2020,75,Montana,10,7.5
MT,2021,59,Montana,10,5.9
MT,2022,44,Montana,10,4.4
MT,2023,46,Montana,10,4.6
MT,2024,53,Montana,10,5.3
MT,2025,35,Montana,10,3.5
NC,2020,414,North Carolina,63,6.571428571428571
NC,2021,427,North Carolina,63,6.777777777777778
NC,2022,379,North Carolina,63,6.015873015873016
NC,2023,373,North Carolina,63,5.920634920634921
NC,2024,375,North Carolina,63,5.9523809523809526
NC,2025,296,North Carolina,63,4.698412698412699
ND,2020,31,North Dakota,9,3.4444444444444446
ND,2021,26,North Dakota,9,2.888888888888889
ND,2022,23,North Dakota,9,2.5555555555555554
ND,2023,38,North Dakota,9,4.222222222222222
ND,2024,20,North Dakota,9,2.2222222222222223
ND,2025,35,North Dakota,9,3.888888888888889
NE,2020,53,Nebraska,21,2.5238095238095237
NE,2021,67,Nebraska,21,3.1904761904761907
NE,2022,80,Nebraska,21,3.8095238095238093
NE,2023,72,Nebraska,21,3.4285714285714284
NE,2024,90,Nebraska,21,4.285714285714286
NE,2025,76,Nebraska,21,3.619047619047619
NH,2020,77,New Hampshire,14,5.5
NH,2021,57,New Hampshire,14,4.071428571428571
NH,2022,60,New Hampshire,14,4.285714285714286
NH,2023,54,New Hampshire,14,3.857142857142857
NH,2024,52,New Hampshire,14,3.7142857142857144
NH,2025,66,New Hampshire,14,4.714285714285714
NJ,2020,327,New Jersey,48,6.8125
NJ,2021,325,New Jersey,48,6.770833333333333
NJ,2022,307,New Jersey,48,6.395833333333333
NJ,2023,349,New Jersey,48,7.270833333333333
NJ,2024,274,New Jersey,48,5.708333333333333
NJ,2025,243,New Jersey,48,5.0625
NM,2020,94,New Mexico,10,9.4
NM,2021,99,New Mexico,10,9.9
NM,2022,85,New Mexico,10,8.5
NM,2023,91,New Mexico,10,9.1
NM,2024,99,New Mexico,10,9.9
NM,2025,65,New Mexico,10,6.5
NV,2020,59,Nevada,10,5.9
NV,2021,75,Nevada,10,7.5
NV,2022,68,Nevada,10,6.8
NV,2023,73,Nevada,10,7.3
NV,2024,54,Nevada,10,5.4
NV,2025,51,Nevada,10,5.1
NY,2020,998,New York,175,5.702857142857143
NY,2021,915,New York,175,5.228571428571429
NY,2022,875,New York,175,5.0
NY,2023,836,New York,175,4.777142857142858
NY,2024,855,New York,175,4.885714285714286
NY,2025,671,New York,175,3.834285714285714
OH,2020,306,Ohio,74,4.135135135135135
OH,2021,264,Ohio,74,3.5675675675675675
OH,2022,272,Ohio,74,3.675675675675676
OH,2023,276,Ohio,74,3.72972972972973
OH,2024,238,Ohio,74,3.2162162162162162
OH,2025,201,Ohio,74,2.7162162162162162
OK,2020,73,Oklahoma,26,2.8076923076923075
OK,2021,77,Oklahoma,26,2.9615384615384617
OK,2022,76,Oklahoma,26,2.923076923076923
OK,2023,90,Oklahoma,26,3.4615384615384617
OK,2024,101,Oklahoma,26,3.8846153846153846
OK,2025,84,Oklahoma,26,3.230769230769231
OR,2020,197,Oregon,29,6.793103448275862
OR,2021,174,Oregon,29,6.0
OR,2022,154,Oregon,29,5.310344827586207
OR,2023,171,Oregon,29,5.896551724137931
OR,2024,146,Oregon,29,5.0344827586206895
OR,2025,121,Oregon,29,4.172413793103448
PA,2020,685,Pennsylvania,109,6.284403669724771
PA,2021,587,Pennsylvania,109,5.385321100917431
PA,2022,596,Pennsylvania,109,5.467889908256881
PA,2023,584,Pennsylvania,109,5.3577981651376145
PA,2024,541,Pennsylvania,109,4.963302752293578
PA,2025,415,Pennsylvania,109,3.8073394495412844
RI,2020,110,Rhode Island,11,10.0
RI,2021,117,Rhode Island,11,10.636363636363637
RI,2022,114,Rhode Island,11,10.363636363636363
RI,2023,133,Rhode Island,11,12.090909090909092
RI,2024,156,Rhode Island,11,14.181818181818182
RI,2025,129,Rhode Island,11,11.727272727272727
SC,2020,108,South Carolina,36,3.0
SC,2021,112,South Carolina,36,3.111111111111111
SC,2022,108,South Carolina,36,3.0
SC,2023,132,South Carolina,36,3.6666666666666665
SC,2024,158,South Carolina,36,4.388888888888889
SC,2025,106,South Carolina,36,2.9444444444444446
SD,2020,29,South Dakota,16,1.8125
SD,2021,20,South Dakota,16,1.25
SD,2022,34,South Dakota,16,2.125
SD,2023,33,South Dakota,16,2.0625
SD,2024,45,South Dakota,16,2.8125
SD,2025,37,South Dakota,16,2.3125
TN,2020,171,Tennessee,44,3.8863636363636362
TN,2021,165,Tennessee,44,3.75
TN,2022,193,Tennessee,44,4.386363636363637
TN,2023,154,Tennessee,44,3.5
TN,2024,189,Tennessee,44,4.295454545454546
TN,2025,133,Tennessee,44,3.022727272727273
TX,2020,771,Texas,107,7.205607476635514
TX,2021,769,Texas,107,7.186915887850467
TX,2022,805,Texas,107,7.5233644859813085
TX,2023,822,Texas,107,7.682242990654205
TX,2024,719,Texas,107,6.719626168224299
TX,2025,629,Texas,107,5.878504672897196
UT,2020,157,Utah,14,11.214285714285714
UT,2021,149,Utah,14,10.642857142857142
UT,2022,155,Utah,14,11.071428571428571
UT,2023,150,Utah,14,10.714285714285714
UT,2024,115,Utah,14,8.214285714285714
UT,2025,112,Utah,14,8.0
VA,2020,392,Virginia,54,7.2592592592592595
VA,2021,350,Virginia,54,6.481481481481482
VA,2022,353,Virginia,54,6.537037037037037
VA,2023,395,Virginia,54,7.314814814814815
VA,2024,396,Virginia,54,7.333333333333333
VA,2025,241,Virginia,54,4.462962962962963
VT,2020,28,Vermont,10,2.8
VT,2021,26,Vermont,10,2.6
VT,2022,22,Vermont,10,2.2
VT,2023,24,Vermont,10,2.4
VT,2024,34,Vermont,10,3.4
VT,2025,27,Vermont,10,2.7
WA,2020,294,Washington,30,9.8
WA,2021,314,Washington,30,10.466666666666667
WA,2022,299,Washington,30,9.966666666666667
WA,2023,235,Washington,30,7.833333333333333
WA,2024,236,Washington,30,7.866666666666666
WA,2025,193,Washington,30,6.433333333333334
WI,2020,204,Wisconsin,39,5.230769230769231
WI,2021,188,Wisconsin,39,4.82051282051282
WI,2022,193,Wisconsin,39,4.948717948717949
WI,2023,211,Wisconsin,39,5.410256410256411
WI,2024,184,Wisconsin,39,4.717948717948718
WI,2025,168,Wisconsin,39,4.3076923076923075
WV,2020,35,West Virginia,21,1.6666666666666667
WV,2021,37,West Virginia,21,1.7619047619047619
WV,2022,37,West Virginia,21,1.7619047619047619
WV,2023,42,West Virginia,21,2.0
WV,2024,55,West Virginia,21,2.619047619047619
WV,2025,38,West Virginia,21,1.8095238095238095
WY,2020,27,Wyoming,3,9.0
WY,2021,31,Wyoming,3,10.333333333333334
WY,2022,18,Wyoming,3,6.0
WY,2023,23,Wyoming,3,7.666666666666667
WY,2024,30,Wyoming,3,10.0
WY,2025,28,Wyoming,3,9.333333333333334
